{
  "target": "Chicago",
  "model": "mf",
  "gammas": {
    "NYC": 0.75,
    "Singapore": 1.0,
    "Tokyo": 0.5
  },
  "backbone": {
    "recall": 0.08944771387297441,
    "ndcg": 0.05004171823582663
  },
  "otc": {
    "recall": 0.09289429441670566,
    "ndcg": 0.05069170173195416
  }
}