{
  "target": "Tokyo",
  "model": "mf",
  "gammas": {
    "Chicago": 0.25,
    "NYC": 0.0,
    "Singapore": 0.0
  },
  "backbone": {
    "recall": 0.022394222444802474,
    "ndcg": 0.014748530757980159
  },
  "otc": {
    "recall": 0.028741499929810673,
    "ndcg": 0.01705454986808893
  }
}